{
    "wer": 0.12962962962962962,
    "string_similarity": 0.9804668681294618,
    "llm_judge_score": 1.0
}