{
    "llm_judge_score": 1.0,
    "ttfb": {
        "mean": 1.7694004774093628,
        "std": 0.0341874361038208,
        "values": [
            1.8035879135131836,
            1.735213041305542
        ]
    }
}