{
    "llm_judge_score": 1.0,
    "ttfb": {
        "mean": 0.6742491722106934,
        "std": 0.016582012176513672,
        "values": [
            0.690831184387207,
            0.6576671600341797
        ]
    },
    "processing_time": {
        "mean": 0.00018644332885742188,
        "std": 3.147125244140625e-05,
        "values": [
            0.00015497207641601562,
            0.00021791458129882812
        ]
    }
}