{
    "llm_judge_score": 1.0,
    "ttfb": {
        "mean": 1.362950086593628,
        "std": 0.1476140022277832,
        "values": [
            1.5105640888214111,
            1.2153360843658447
        ]
    }
}