{
    "llm_judge_score": 1.0,
    "ttfb": {
        "mean": 1.1983683109283447,
        "std": 0.015956640243530273,
        "values": [
            1.1824116706848145,
            1.214324951171875
        ]
    },
    "processing_time": {
        "mean": 1.6346875429153442,
        "std": 0.3139604330062866,
        "values": [
            1.3207271099090576,
            1.9486479759216309
        ]
    }
}