{"wer": 0.12962962962962962, "string_similarity": 0.8792465033551621, "llm_judge_score": 1.0}